null,
null,
null,
null,
null,
null,
null,
null,
null,
null,
null,
null,
null,
null,
null,
null,
null,
null,
null,
null,
null,
null,
null,
null,
null,
null,
null,
null,
null,
null,
null,
M23,
M22,
M17,
M10,
null,
null,
null,
null,
null,
null,
null,
null,
null,
null,
null,
null,
null,
null,
null,
null,
M26,
M9,
M30,
M20,
null,
null,
null,
null,
null,
null,
null,
null,
null,
M3,
M8,
M16,
M25,
M21,
M4,
M5,
M2,
null,
M12,
null,
null,
M6,
null,
null,
null,
null,
M29,
M27,
M14,
M18,
null,
M19,
M15,
null,
null,
null,
null,
null,
M1,
M13,
M24,
M7,
M28,
null,
M11,
